xgb_p_healthy,xgb_p_bleached
0.021049444,0.97895056
0.050578553,0.9494214
0.05173653,0.94826347
0.25231338,0.7476866
0.22434756,0.7756524
0.05224994,0.94775
0.19232664,0.8076734
0.21674073,0.7832592
0.062939376,0.93706065
0.21794416,0.78205585
0.052460957,0.9475391
0.05919458,0.94080544
0.061176945,0.9388231
0.06477168,0.93522835
0.06703113,0.9329689
0.073502995,0.92649704
0.060182337,0.9398177
0.020422585,0.9795774
0.24840802,0.75159204
0.13065116,0.8693488
0.104193486,0.8958065
0.06372514,0.9362749
0.09930846,0.90069157
0.1649528,0.8350472
0.11404969,0.88595027
0.15579279,0.8442072
0.15474162,0.8452584
0.2932588,0.7067412
0.22448412,0.77551585
0.23139496,0.76860505
0.16949253,0.8305075
0.25818565,0.7418144
0.083304,0.916696
0.48688647,0.5131135
0.3425977,0.65740234
0.2439392,0.75606084
0.24866098,0.751339
0.33896425,0.6610357
0.087097585,0.91290236
0.09843563,0.90156436
0.00826751,0.9917325
0.09265625,0.90734375
0.11381168,0.8861883
0.10378769,0.89621234
0.038894475,0.9611056
0.06889564,0.93110436
0.06889564,0.93110436
0.18371108,0.81628895
0.05273777,0.9472622
0.066268265,0.9337318
0.066268265,0.9337318
0.055785682,0.9442143
0.19818355,0.8018164
0.19792365,0.80207634
0.19792365,0.80207634
0.06982391,0.9301761
0.04082,0.95918
0.08944936,0.91055065
0.045343995,0.95465595
0.1593424,0.8406576
0.068085276,0.93191475
0.53378665,0.46621338
0.44101506,0.55898494
0.30563408,0.6943659
0.15433042,0.84566957
0.19802614,0.80197394
0.15170011,0.84829986
0.23307116,0.76692885
0.003982757,0.9960172
0.015253232,0.98474675
0.059700068,0.9403
0.021186003,0.97881395
0.021186003,0.97881395
0.006567438,0.99343264
0.07526824,0.92473173
0.13400431,0.86599576
0.025576666,0.97442335
0.0186959,0.9813041
0.018643003,0.981357
0.28267705,0.71732295
0.071955346,0.9280447
0.049231727,0.9507683
0.014225774,0.98577416
0.0165562,0.9834438
0.018330626,0.98166937
0.022451824,0.9775482
0.09279863,0.9072014
0.046258524,0.9537415
0.013582111,0.9864179
0.017242406,0.98275757
0.008602316,0.9913977
0.057509076,0.9424909
0.03665324,0.9633467
0.08798402,0.91201603
0.037494693,0.9625053
0.098787665,0.90121233
0.023177011,0.976823
0.054218665,0.94578135
0.119579114,0.88042086
0.108352065,0.89164793
0.14824976,0.85175025
0.05160417,0.94839585
0.073944256,0.9260557
0.0117121935,0.98828775
0.029703254,0.9702967
0.058939897,0.94106007
0.031375278,0.9686247
0.00965164,0.99034846
0.06436948,0.93563056
0.18696101,0.81303895
0.03864466,0.9613553
0.012257833,0.9877422
0.018321067,0.98167896
0.23697583,0.76302415
0.45876294,0.5412371
0.21566832,0.7843316
0.020368407,0.9796316
0.13418259,0.8658174
0.045241788,0.9547582
0.027302496,0.97269756
0.063412085,0.9365878
0.13207725,0.8679227
0.19680578,0.8031942
0.104108594,0.8958914
0.011101842,0.9888982
0.007763965,0.992236
0.0015731809,0.99842685
0.012246841,0.98775315
0.0049099824,0.99509
0.0015468814,0.99845314
0.0015008217,0.99849916
0.005265166,0.99473476
0.0060655638,0.9939344
0.0029132853,0.99708676
0.0040302626,0.9959698
0.007358451,0.99264157
0.002586626,0.9974134
0.003836121,0.99616385
0.0031239248,0.996876
0.009652013,0.9903479
0.012817082,0.9871829
0.00765738,0.9923427
0.044291563,0.9557084
0.037538316,0.96246165
0.15375817,0.84624183
0.05169537,0.9483046
0.057483833,0.94251615
0.017809529,0.98219043
0.036396254,0.96360373
0.05141009,0.9485899
0.01990175,0.98009825
0.03929564,0.9607043
0.062271822,0.9377282
0.08150893,0.91849107
0.08717664,0.9128234
0.016551582,0.9834485
0.15093271,0.8490673
0.11123943,0.88876057
0.07437858,0.92562145
0.16369131,0.8363087
0.11581346,0.88418657
0.015325731,0.98467433
0.0038110975,0.996189
0.019826673,0.98017335
0.021385958,0.9786141
0.036997084,0.9630029
0.036873486,0.96312654
0.0292285,0.9707715
0.09499538,0.9050047
0.008850573,0.9911495
0.008850573,0.9911495
0.032445252,0.96755475
0.032445252,0.96755475
0.02334157,0.97665846
0.02334157,0.97665846
0.030090738,0.96990925
0.03889659,0.9611034
0.01367702,0.98632294
0.029155832,0.97084415
0.0050193216,0.9949807
0.03306161,0.9669384
0.003605447,0.99639463
0.0050193216,0.9949807
0.021243753,0.9787562
0.003605447,0.99639463
0.0792414,0.92075855
0.0036762701,0.9963237
0.0594632,0.9405368
0.018872596,0.9811274
0.046083815,0.9539162
0.018872596,0.9811274
0.046083815,0.9539162
0.15415104,0.845849
0.023243051,0.97675693
0.07633242,0.9236676
0.0020919018,0.9979081
0.0074516507,0.99254835
0.026895327,0.9731047
0.005409713,0.9945903
0.00585889,0.99414116
0.13245282,0.8675472
0.0132009825,0.98679906
0.0063730073,0.993627
0.09182857,0.9081714
0.042068012,0.95793205
0.20295635,0.7970437
0.078387566,0.9216124
0.009898784,0.9901012
0.013450075,0.9865499
0.0025460871,0.99745387
0.014569166,0.98543084
0.088387676,0.91161233
0.12554823,0.87445176
0.046437487,0.95356244
0.022480829,0.9775192
0.019542038,0.98045796
0.20456938,0.7954306
0.10221679,0.8977832
0.04598423,0.9540158
0.037143074,0.962857
0.014296747,0.98570323
0.16457623,0.8354237
0.020452274,0.97954774
0.06509559,0.93490434
0.021055687,0.9789443
0.021055687,0.9789443
0.023060752,0.9769392
0.058085576,0.9419144
0.06377546,0.9362246
0.022134164,0.9778659
0.062042385,0.93795764
0.013301541,0.9866985
0.024649257,0.9753508
0.020397982,0.97960204
0.0393762,0.9606238
0.032398265,0.9676017
0.07437928,0.9256207
0.045604657,0.9543954
0.1516383,0.84836173
0.08419312,0.9158069
0.08419312,0.9158069
0.047833275,0.95216674
0.05053557,0.9494645
0.19051963,0.8094803
0.04331531,0.9566847
0.029231682,0.97076833
0.050426483,0.94957346
0.046610992,0.9533889
0.027889557,0.97211045
0.13203195,0.8679681
0.1544699,0.84553003
0.013497576,0.98650247
0.013497576,0.98650247
0.02291242,0.97708756
0.02291242,0.97708756
0.012272766,0.9877273
0.0037453955,0.9962546
0.0028950707,0.99710494
0.002695807,0.99730426
0.01197831,0.9880216
0.007335284,0.9926647
0.002246268,0.9977537
0.0018435866,0.99815637
0.02236416,0.9776358
0.004933244,0.99506676
0.00773656,0.99226344
0.026042309,0.9739576
0.007078347,0.99292165
0.010023271,0.98997676
0.029444205,0.9705558
0.010046278,0.98995376
0.08593911,0.9140609
0.098499626,0.90150034
0.13840035,0.8615996
0.0631937,0.93680626
0.21200585,0.78799415
0.01768029,0.9823197
0.04444539,0.9555546
0.042832285,0.95716774
0.018715695,0.98128426
0.013337208,0.9866628
0.014352059,0.9856479
0.18359306,0.81640697
0.025288554,0.9747115
0.15504692,0.84495306
0.01235562,0.98764443
0.06642342,0.9335766
0.07218856,0.92781144
0.045883797,0.9541162
0.027621027,0.97237897
0.046799146,0.9532009
0.05387528,0.94612473
0.012059176,0.9879408
0.06459206,0.9354079
0.033322655,0.96667737
0.1134023,0.8865977
0.015006083,0.98499393
0.030754609,0.9692454
0.08176522,0.91823477
0.03713254,0.9628675
0.06793964,0.93206036
0.009383593,0.99061644
0.0538783,0.94612163
0.13075928,0.8692407
0.06914244,0.93085754
0.034697846,0.96530217
0.030564962,0.969435
0.011862219,0.98813784
0.040437367,0.9595626
0.050800074,0.9491999
0.013283307,0.98671675
0.027131256,0.9728688
0.052314736,0.9476853
0.013616055,0.9863839
0.0829126,0.9170874
0.12458968,0.8754103
0.10883953,0.8911605
0.041790858,0.95820916
0.0148873255,0.98511267
0.07755392,0.922446
0.022709977,0.9772901
0.021322664,0.97867733
0.027790759,0.9722092
0.027790759,0.9722092
0.0064941775,0.99350584
0.01730366,0.98269635
0.011091566,0.9889084
0.011545827,0.98845416
0.011298633,0.9887014
0.008226052,0.99177396
0.03386329,0.9661367
0.020290637,0.9797093
0.029446837,0.9705531
0.026664507,0.9733355
0.018574212,0.9814257
0.027982675,0.9720173
0.02325109,0.97674894
0.014720888,0.985279
0.044998553,0.9550014
0.01896939,0.9810306
0.022768382,0.9772316
0.010000117,0.98999995
0.010000117,0.98999995
0.007659042,0.99234104
0.057981767,0.9420183
0.0788568,0.92114323
0.035146,0.964854
0.13070972,0.8692903
0.041064683,0.9589353
0.10094348,0.8990565
0.026247608,0.97375244
0.027758982,0.972241
0.023986684,0.9760133
0.021992074,0.978008
0.015686385,0.9843136
0.008244791,0.9917552
0.021513147,0.97848684
0.03121485,0.9687851
0.1375663,0.8624337
0.067225516,0.9327744
0.16002402,0.83997595
0.06604938,0.93395066
0.02193161,0.9780684
0.10006711,0.89993286
0.014813006,0.98518693
0.089753315,0.9102467
0.08664049,0.9133596
0.1008632,0.89913684
0.09795304,0.9020469
0.07131024,0.9286897
0.073455535,0.9265444
0.08115153,0.91884845
0.024040332,0.9759597
0.23567325,0.7643268
0.15272157,0.8472785
0.11448273,0.88551724
0.040391255,0.9596087
0.26215762,0.7378424
0.228041,0.77195895
0.13735002,0.86265004
0.04415416,0.95584583
0.020418791,0.9795812
0.06851346,0.93148655
0.026409088,0.9735909
0.0129096,0.9870904
0.3025323,0.69746774
0.20199198,0.7980081
0.09298547,0.9070145
0.39337072,0.60662925
0.18363778,0.8163622
0.049003392,0.95099664
0.05680129,0.9431987
0.07915971,0.92084026
0.1019248,0.89807516
0.06997016,0.9300298
0.15489955,0.84510046
0.353633,0.646367
0.7027638,0.29723623
0.24573353,0.7542665
0.5909035,0.4090965
0.50465006,0.49534988
0.56546134,0.43453866
0.08652344,0.9134765
0.08556313,0.9144368
0.23611885,0.7638812
0.15093526,0.84906477
0.15093526,0.84906477
0.066268265,0.9337318
0.2406336,0.7593664
0.07916452,0.9208355
0.03692274,0.9630773
0.28391016,0.71608984
0.22570942,0.77429056
0.2199215,0.78007853
0.044551086,0.9554489
0.20375076,0.7962493
0.087097585,0.91290236
0.06874414,0.9312559
0.2292832,0.7707169
0.45713136,0.5428687
0.077995844,0.9220042
0.06552825,0.9344718
0.000815714,0.99918425
0.035561673,0.9644383
0.37758476,0.62241524
0.12133509,0.8786649
0.1944362,0.8055638
0.011997995,0.988002
0.08025648,0.9197435
0.41283256,0.58716744
0.07121912,0.9287809
0.074672416,0.92532754
0.119059764,0.8809402
0.029336032,0.97066396
0.16153505,0.8384649
0.046258524,0.9537415
0.014775165,0.98522484
0.01442396,0.98557603
0.062242657,0.9377573
0.015876666,0.9841234
0.025253482,0.97474647
0.068512574,0.93148744
0.068512574,0.93148744
0.032341875,0.96765816
0.048762955,0.9512371
0.2500748,0.74992514
0.20171805,0.7982819
0.098787665,0.90121233
0.07353685,0.92646307
0.04604996,0.95395005
0.04609616,0.9539038
0.12706997,0.87293005
0.021919563,0.9780804
0.019037474,0.9809625
0.16309361,0.8369064
0.19456822,0.8054318
0.06601901,0.93398094
0.039546896,0.9604531
0.21757734,0.7824226
0.013024666,0.9869754
0.023076797,0.9769232
0.022497658,0.97750235
0.006304985,0.9936951
0.010151116,0.98984885
0.006304985,0.9936951
0.004050459,0.99594957
0.10981741,0.89018255
0.0076234723,0.9923765
0.042393394,0.9576067
0.029853882,0.9701462
0.029853882,0.9701462
0.009282922,0.99071705
0.013993198,0.98600686
0.009282922,0.99071705
0.0061407103,0.9938593
0.018555019,0.981445
0.012428584,0.9875714
0.017357904,0.9826421
0.012428584,0.9875714
0.0061407103,0.9938593
0.017357904,0.9826421
0.0061407103,0.9938593
0.018087937,0.981912
0.04011461,0.95988536
0.04011461,0.95988536
0.019971333,0.9800287
0.009287309,0.9907127
0.008603161,0.9913968
0.017330164,0.9826698
0.03011976,0.9698802
0.008729546,0.9912705
0.0356617,0.96433824
0.019847995,0.98015195
0.012090689,0.9879094
0.007327204,0.99267286
0.087974176,0.9120258
0.120258845,0.87974113
0.25918558,0.74081445
0.1328782,0.8671218
0.060328487,0.9396715
0.13629982,0.86370015
0.08790595,0.91209406
0.12866768,0.8713323
0.03719465,0.9628054
0.02435624,0.97564375
0.028228825,0.9717711
0.028228825,0.9717711
0.032002944,0.9679971
0.026560642,0.97343934
0.037347347,0.9626527
0.010414966,0.989585
0.2636148,0.73638517
0.06784787,0.93215215
0.036337905,0.9636621
0.07899994,0.92100006
0.08503182,0.91496813
0.10433682,0.89566314
0.06074588,0.9392541
0.10409821,0.8959018
0.033615246,0.96638477
0.18279457,0.8172055
0.1537154,0.8462846
0.022689471,0.97731054
0.030442968,0.96955705
0.1188247,0.88117534
0.017936585,0.9820634
0.047001306,0.95299864
0.10433004,0.89566994
0.014597618,0.98540235
0.037183776,0.96281624
0.13981998,0.86017996
0.30957878,0.6904213
0.35216427,0.6478357
0.03502865,0.9649713
0.22754763,0.7724524
0.09426369,0.9057363
0.078508735,0.92149127
0.094510406,0.90548956
0.087955646,0.91204435
0.09566861,0.9043313
0.016408749,0.98359126
0.5791967,0.42080325
0.5023649,0.49763513
0.680242,0.31975803
0.5049374,0.4950626
0.03494552,0.9650545
0.03494552,0.9650545
0.03494552,0.9650545
0.73547965,0.26452032
0.6152549,0.38474515
0.6152549,0.38474515
0.34759593,0.65240407
0.34759593,0.65240407
0.6718438,0.32815614
0.2834032,0.7165968
0.6011964,0.3988036
0.680242,0.31975803
0.4313258,0.5686742
0.7536011,0.2463989
0.55100197,0.44899806
0.45701715,0.5429828
0.45701715,0.5429828
0.7520615,0.24793848
0.57800007,0.42199993
0.6354304,0.3645696
0.6354304,0.3645696
0.2834032,0.7165968
0.2834032,0.7165968
0.78725976,0.21274017
0.6268183,0.37318173
0.7809475,0.21905246
0.6152549,0.38474515
0.6152549,0.38474515
0.93240666,0.06759338
0.80376136,0.19623865
0.2964258,0.70357424
0.9365438,0.06345614
0.6570542,0.34294584
0.78725976,0.21274017
0.78725976,0.21274017
0.5572206,0.44277948
0.75006175,0.24993831
0.8134852,0.18651484
0.6570542,0.34294584
0.78725976,0.21274017
0.48872575,0.5112742
0.48872575,0.5112742
0.48872575,0.5112742
0.75006175,0.24993831
0.48752415,0.5124759
0.5306376,0.46936238
0.5306376,0.46936238
0.86411965,0.13588043
0.61976105,0.380239
0.6775477,0.32245234
0.2463049,0.75369513
0.21135247,0.7886475
0.21135247,0.7886475
0.6718438,0.32815614
0.77303255,0.22696748
0.80990833,0.19009161
0.6152549,0.38474515
0.80990833,0.19009161
0.2964258,0.70357424
0.2964258,0.70357424
0.631291,0.36870903
0.21135247,0.7886475
0.2964258,0.70357424
0.2964258,0.70357424
0.2964258,0.70357424
0.2964258,0.70357424
0.2964258,0.70357424
0.2964258,0.70357424
0.7033879,0.29661208
0.8399166,0.1600834
0.61976105,0.380239
0.7449705,0.25502947
0.7930025,0.2069975
0.6460391,0.3539609
0.80376136,0.19623865
0.877458,0.122542046
0.056380022,0.94361997
0.06484719,0.93515277
0.03239455,0.9676054
0.0439193,0.95608073
0.6052244,0.39477563
0.10430331,0.89569676
0.06064485,0.93935513
0.022840228,0.97715974
0.1134023,0.8865977
0.12017549,0.8798245
0.19557105,0.80442894
0.25513726,0.74486274
0.089440025,0.91055995
0.13017064,0.8698293
0.04408365,0.9559164
0.0057155523,0.9942845
0.030965112,0.9690348
0.006074033,0.993926
0.027475324,0.97252464
0.14151216,0.85848784
0.110868596,0.8891315
0.04110147,0.95889854
0.0524358,0.9475642
0.013906229,0.98609376
0.02416639,0.97583354
0.026809689,0.9731903
0.081501886,0.91849816
0.022661991,0.9773381
0.010693975,0.9893061
0.041674312,0.95832574
0.05677527,0.94322467
0.04268248,0.9573176
0.04364663,0.9563534
0.035233814,0.9647662
0.036504224,0.96349585
0.06567012,0.93432987
0.008857795,0.9911423
0.013217975,0.9867821
0.044752374,0.95524764
0.032258466,0.96774155
0.040494055,0.959506
0.05434345,0.94565654
0.01346148,0.9865385
0.0116077745,0.98839223
0.018776191,0.9812238
0.01886804,0.9811319
0.03223563,0.9677643
0.019849204,0.9801508
0.016836528,0.9831635
0.14400117,0.8559989
0.15516166,0.84483826
0.09725772,0.9027423
0.08673897,0.91326106
0.072296016,0.927704
0.015423377,0.9845766
0.03480099,0.965199
0.4183754,0.58162457
0.045658622,0.95434135
0.02138042,0.9786196
0.117983885,0.88201606
0.05929465,0.9407053
0.14399342,0.85600656
0.028130071,0.97186995
0.17295788,0.8270421
0.03464181,0.9653582
0.16359614,0.83640385
0.15332037,0.8466796
0.15672511,0.84327483
0.16282128,0.8371787
0.1913682,0.80863184
0.266482,0.733518
0.86288774,0.13711222
0.9425663,0.05743372
0.94033605,0.059663996
0.8519299,0.14807014
0.80605495,0.1939451
0.7801665,0.21983351
0.550891,0.44910896
0.7503269,0.24967313
0.8490317,0.15096831
0.8058168,0.1941832
0.74518085,0.25481912
0.8186004,0.18139961
0.8668785,0.13312148
0.7818114,0.21818858
0.91439235,0.08560763
0.6115683,0.38843173
0.90057033,0.09942964
0.58657557,0.41342443
0.7473396,0.2526604
0.84834117,0.15165877
0.89521235,0.104787685
0.8536363,0.14636369
0.8378896,0.1621104
0.79978025,0.20021972
0.86529905,0.13470097
0.8682352,0.13176483
0.74418736,0.25581264
0.62353045,0.37646955
0.88773394,0.1122661
0.831791,0.16820896
0.91885936,0.08114066
0.7221534,0.2778466
0.83691204,0.16308792
0.7752576,0.22474243
0.63866943,0.3613306
0.866586,0.13341403
0.8106233,0.18937665
0.8789359,0.12106408
0.8713818,0.12861818
0.89023757,0.1097624
0.6672595,0.33274046
0.9319876,0.0680124
0.8802688,0.1197312
0.944021,0.055979
0.944021,0.055979
0.8400273,0.15997274
0.8972047,0.102795325
0.7519319,0.2480681
0.75411624,0.2458838
0.9212254,0.0787746
0.9008528,0.0991472
0.92316884,0.07683113
0.90084064,0.09915939
0.82775235,0.17224765
0.9023674,0.09763251
0.91506714,0.0849329
0.8971146,0.10288543
0.9048439,0.095156096
0.76829785,0.23170209
0.8375862,0.16241375
0.89454794,0.10545203
0.77790827,0.22209176
0.7027638,0.29723623
0.6854141,0.31458592
0.70832944,0.29167056
0.88771224,0.11228773
0.85002875,0.1499713
0.520244,0.479756
0.8147382,0.18526179
0.86636406,0.13363591
0.870972,0.12902804
0.7658992,0.2341008
0.7328719,0.2671281
0.8249195,0.17508051
0.5969847,0.4030153
0.70980173,0.29019827
0.7964382,0.20356178
0.8813096,0.118690416
0.8417636,0.15823641
0.8482507,0.15174928
0.5909035,0.4090965
0.79302764,0.20697239
0.51568824,0.48431176
0.8711653,0.12883474
0.74847996,0.25152
0.53378665,0.46621338
0.73826134,0.26173866
0.50465006,0.49534988
0.56546134,0.43453866
0.5576116,0.44238842
0.59433186,0.40566808
0.83945674,0.1605433
0.86142975,0.13857022
0.81240636,0.18759364
0.8559832,0.1440168
0.8839946,0.11600546
0.45713136,0.5428687
0.60141605,0.3985839
0.97269315,0.027306795
0.97269315,0.027306795
0.97269315,0.027306795
0.97269315,0.027306795
0.97269315,0.027306795
0.96701515,0.032984827
0.8653415,0.13465852
0.9168254,0.08317457
0.9497529,0.050247096
0.6538157,0.34618428
0.8455937,0.15440632
0.90238667,0.09761336
0.90618676,0.0938132
0.93217486,0.06782509
0.8073425,0.19265747
0.9468837,0.053116348
0.95422065,0.04577937
0.9442036,0.055796415
0.9575686,0.04243142
0.8962626,0.1037374
0.8385925,0.16140752
0.7652598,0.2347402
0.92003435,0.079965726
0.92003435,0.079965726
0.9472825,0.052717507
0.726684,0.27331606
0.93316394,0.06683613
0.87538755,0.124612466
0.78652966,0.21347031
0.92534924,0.07465078
0.91397977,0.08602017
0.662198,0.337802
0.8879214,0.11207858
0.50684273,0.4931573
0.8915754,0.1084246
0.9264779,0.07352207
0.89849675,0.10150333
0.86254126,0.13745871
0.90796244,0.0920375
0.8939021,0.10609786
0.919159,0.08084097
0.7744057,0.22559427
0.79451257,0.20548743
0.8574246,0.14257537
0.9288028,0.07119723
0.69880956,0.3011904
0.5787409,0.4212591
0.81325173,0.1867482
0.86404014,0.13595983
0.9143788,0.08562118
0.7017963,0.29820374
0.9080979,0.09190214
0.7668225,0.23317753
0.45876294,0.5412371
0.8976926,0.10230736
0.83704615,0.16295384
0.8767324,0.12326762
0.9658916,0.034108452
0.91644365,0.08355643
0.8081932,0.19180681
0.9713769,0.028623074
0.9796846,0.020315474
0.94124573,0.058754265
0.8929692,0.10703083
0.9492519,0.050748087
0.92560285,0.074397184
0.6930005,0.30699953
0.72815704,0.27184293
0.67053837,0.32946157
0.5730834,0.42691657
0.8039718,0.19602816
0.90914845,0.09085156
0.8302537,0.1697463
0.71291715,0.28708285
0.7660521,0.23394786
0.7660521,0.23394786
0.70221376,0.29778618
0.6704643,0.3295357
0.67012405,0.32987595
0.8709981,0.12900189
0.87840575,0.12159421
0.8556208,0.14437917
0.74078834,0.25921166
0.89138806,0.10861197
0.762622,0.237378
0.9030411,0.0969589
0.8474142,0.15258577
0.9181835,0.08181648
0.8358383,0.16416171
0.83156234,0.16843764
0.9515867,0.048413344
0.84952056,0.1504794
0.8751739,0.124826
0.8936566,0.10634343
0.9053443,0.09465565
0.8589405,0.14105946
0.9423043,0.05769564
0.94101495,0.058985095
0.9250863,0.07491362
0.7777836,0.22221646
0.91330117,0.086698875
0.80616325,0.19383678
0.7921406,0.20785943
0.6879428,0.3120572
0.61669856,0.38330144
0.8607641,0.13923594
0.9360845,0.0639155
0.9360845,0.0639155
0.9360845,0.0639155
0.82238305,0.17761698
0.8905037,0.10949634
0.92377126,0.07622875
0.86668205,0.13331792
0.90737045,0.09262952
0.85122865,0.14877138
0.8650949,0.13490514
0.8565305,0.14346953
0.76699406,0.23300591
0.5023649,0.49763513
0.5791967,0.42080325
0.9450051,0.05499495
0.86411965,0.13588043
0.86411965,0.13588043
0.86411965,0.13588043
0.9642816,0.035718422
0.680242,0.31975803
0.9642816,0.035718422
0.680242,0.31975803
0.680242,0.31975803
0.8564943,0.14350568
0.61976105,0.380239
0.6152549,0.38474515
0.93240666,0.06759338
0.92208093,0.07791904
0.80990833,0.19009161
0.80990833,0.19009161
0.34759593,0.65240407
0.956231,0.043769
0.956231,0.043769
0.6718438,0.32815614
0.6718438,0.32815614
0.6718438,0.32815614
0.75416607,0.24583395
0.9547532,0.045246758
0.9547532,0.045246758
0.6354304,0.3645696
0.2834032,0.7165968
0.7536011,0.2463989
0.7536011,0.2463989
0.7536011,0.2463989
0.7536011,0.2463989
0.5905962,0.4094038
0.96404904,0.035950977
0.96404904,0.035950977
0.96404904,0.035950977
0.9459757,0.054024264
0.86411965,0.13588043
0.86411965,0.13588043
0.9642816,0.035718422
0.9642816,0.035718422
0.9642816,0.035718422
0.9642816,0.035718422
0.9642816,0.035718422
0.9078371,0.09216287
0.9078371,0.09216287
0.7578459,0.24215415
0.7578459,0.24215415
0.938744,0.061255973
0.938744,0.061255973
0.938744,0.061255973
0.938744,0.061255973
0.7930025,0.2069975
0.7930025,0.2069975
0.4313258,0.5686742
0.6460391,0.3539609
0.7536011,0.2463989
0.8779822,0.12201782
0.8779822,0.12201782
0.55100197,0.44899806
0.9393749,0.06062504
0.7520615,0.24793848
0.956231,0.043769
0.6718438,0.32815614
0.6718438,0.32815614
0.57800007,0.42199993
0.6354304,0.3645696
0.6354304,0.3645696
0.78725976,0.21274017
0.78725976,0.21274017
0.93240666,0.06759338
0.93240666,0.06759338
0.93240666,0.06759338
0.97425437,0.025745614
0.97425437,0.025745614
0.80990833,0.19009161
0.80376136,0.19623865
0.80376136,0.19623865
0.9365438,0.06345614
0.9365438,0.06345614
0.96772534,0.032274652
0.96772534,0.032274652
0.96772534,0.032274652
0.631291,0.36870903
0.631291,0.36870903
0.6570542,0.34294584
0.78725976,0.21274017
0.5572206,0.44277948
0.7809475,0.21905246
0.7809475,0.21905246
0.8134852,0.18651484
0.8134852,0.18651484
0.78725976,0.21274017
0.78725976,0.21274017
0.48872575,0.5112742
0.48872575,0.5112742
0.75006175,0.24993831
0.75006175,0.24993831
0.7809475,0.21905246
0.7809475,0.21905246
0.8134852,0.18651484
0.8134852,0.18651484
0.9301568,0.06984323
0.97476226,0.025237765
0.7442658,0.25573424
0.7442658,0.25573424
0.78725976,0.21274017
0.78725976,0.21274017
0.6268183,0.37318173
0.78725976,0.21274017
0.77115977,0.22884022
0.78725976,0.21274017
0.78725976,0.21274017
0.75006175,0.24993831
0.75006175,0.24993831
0.75006175,0.24993831
0.78725976,0.21274017
0.6570542,0.34294584
0.6570542,0.34294584
0.78725976,0.21274017
0.78725976,0.21274017
0.78725976,0.21274017
0.48872575,0.5112742
0.75006175,0.24993831
0.75006175,0.24993831
0.8134852,0.18651484
0.95927507,0.040724903
0.95927507,0.040724903
0.95927507,0.040724903
0.90076214,0.0992378
0.48752415,0.5124759
0.5306376,0.46936238
0.86411965,0.13588043
0.86411965,0.13588043
0.61976105,0.380239
0.9067688,0.09323122
0.918865,0.08113497
0.918865,0.08113497
0.9508044,0.049195588
0.9508044,0.049195588
0.8976911,0.10230896
0.6152549,0.38474515
0.93240666,0.06759338
0.93240666,0.06759338
0.9647789,0.0352211
0.93240666,0.06759338
0.9647789,0.0352211
0.77303255,0.22696748
0.97425437,0.025745614
0.80990833,0.19009161
0.80990833,0.19009161
0.2964258,0.70357424
0.9365438,0.06345614
0.96772534,0.032274652
0.7033879,0.29661208
0.6152549,0.38474515
0.6152549,0.38474515
0.6152549,0.38474515
0.93240666,0.06759338
0.93240666,0.06759338
0.93240666,0.06759338
0.80990833,0.19009161
0.80990833,0.19009161
0.80376136,0.19623865
0.80376136,0.19623865
0.6152549,0.38474515
0.6152549,0.38474515
0.93240666,0.06759338
0.92208093,0.07791904
0.80990833,0.19009161
0.80990833,0.19009161
0.960197,0.03980301
0.80376136,0.19623865
0.2964258,0.70357424
0.2964258,0.70357424
0.9365438,0.06345614
0.9365438,0.06345614
0.9365438,0.06345614
0.96772534,0.032274652
0.96772534,0.032274652
0.8853447,0.11465536
0.8853447,0.11465536
0.877458,0.122542046
0.877458,0.122542046
0.9847616,0.0152383875
0.8939912,0.10600884
0.9508044,0.049195588
0.9508044,0.049195588
0.6775477,0.32245234
0.6775477,0.32245234
0.9199754,0.08002465
0.9199754,0.08002465
0.9199754,0.08002465
0.21135247,0.7886475
0.95731884,0.042681184
0.96772534,0.032274652
0.97131664,0.028683327
0.97131664,0.028683327
0.9365438,0.06345614
0.96772534,0.032274652
0.96772534,0.032274652
0.9365438,0.06345614
0.9365438,0.06345614
0.9365438,0.06345614
0.96772534,0.032274652
0.97131664,0.028683327
0.7033879,0.29661208
0.7449705,0.25502947
0.877458,0.122542046
0.877458,0.122542046
0.9264622,0.073537886
0.8399166,0.1600834
0.975201,0.024798963
0.975201,0.024798963
0.975201,0.024798963
0.7449705,0.25502947
0.680242,0.31975803
0.74424326,0.25575668
0.5049374,0.4950626
0.81360257,0.18639742
0.61976105,0.380239
0.9612218,0.038778163
0.9612218,0.038778163
0.9847616,0.0152383875
0.9847616,0.0152383875
0.9847616,0.0152383875
0.938744,0.061255973
0.938744,0.061255973
0.9797814,0.020218564
0.9797814,0.020218564
0.9403115,0.05968858
0.9797814,0.020218564
0.9403115,0.05968858
0.9797814,0.020218564
0.7930025,0.2069975
0.7930025,0.2069975
0.6460391,0.3539609
0.9264622,0.073537886
0.9264622,0.073537886
0.9264622,0.073537886
0.9264622,0.073537886
0.8399166,0.1600834
0.8399166,0.1600834
0.9647789,0.0352211
0.93240666,0.06759338
0.9647789,0.0352211
0.93240666,0.06759338
0.9647789,0.0352211
0.93240666,0.06759338
0.93240666,0.06759338
0.77303255,0.22696748
0.97425437,0.025745614
0.97425437,0.025745614
0.80990833,0.19009161
0.80990833,0.19009161
0.80376136,0.19623865
0.80376136,0.19623865
0.80376136,0.19623865
0.9264622,0.073537886
0.9365438,0.06345614
0.9264622,0.073537886
0.9365438,0.06345614
0.8399166,0.1600834
0.8399166,0.1600834
0.96696514,0.03303483
0.96696514,0.03303483
0.9459757,0.054024264
0.9459757,0.054024264
0.6011964,0.3988036
0.9797814,0.020218564
0.877458,0.122542046
0.7449705,0.25502947
0.9847616,0.0152383875
0.84895164,0.15104836
0.84183586,0.15816411
0.96444404,0.035555936
0.7335116,0.26648837
0.43363336,0.5663666
0.80323786,0.19676219
0.64727026,0.35272974
0.8733994,0.12660065
0.65826315,0.34173685
0.7452013,0.2547987
0.7715816,0.22841844
0.64208025,0.35791975
0.8437629,0.1562371
0.6096627,0.39033732
0.7309582,0.26904175
0.8039058,0.19609423
0.85251236,0.14748771
0.80604976,0.19395022
0.78441817,0.21558183
0.92088515,0.07911486
0.75163025,0.24836972
0.8583279,0.14167202
0.95445865,0.045541387
0.95303625,0.04696371
0.97880596,0.021194011
0.978909,0.021090975
0.958969,0.04103105
0.52084714,0.47915286
0.89271915,0.10728087
0.8842315,0.11576849
0.9295973,0.0704027
0.8422858,0.15771419
0.7191029,0.28089708
0.82370776,0.17629224
0.75421053,0.24578947
0.90296423,0.09703577
0.9120348,0.08796513
0.8923906,0.10760942
0.93423724,0.06576277
0.65145606,0.34854394
0.9124814,0.08751854
0.8792847,0.12071534
0.9097563,0.09024373
0.810486,0.18951398
0.95057374,0.049426284
0.9200567,0.079943284
0.4183754,0.58162457
0.7934938,0.20650621
0.7937869,0.20621312
0.84868956,0.1513104
0.8418075,0.15819256
0.9329664,0.067033544
0.88555,0.11445004
0.8483388,0.15166123
0.901801,0.09819901
0.849401,0.15059899
0.9338428,0.06615726
0.9343457,0.065654285
0.93672246,0.063277535
0.50907725,0.49092272
0.8971303,0.10286965
0.9240518,0.07594819
0.7013923,0.29860777
0.83474576,0.16525422
0.8719839,0.12801611
0.8843662,0.115633756
0.8878525,0.11214749
0.9438768,0.056123197
0.94864213,0.051357895
0.92016006,0.07983993
